{
    "epoch": 9.928220255653883,
    "total_flos": 3.4470714507823104e+16,
    "train_loss": 1.3729176859217367,
    "train_perplexity": 3.9468493461608887,
    "train_runtime": 5640.5996,
    "train_samples_per_second": 3.606,
    "train_steps_per_second": 0.225
}