{
  "best_global_step": null,
  "best_metric": null,
  "best_model_checkpoint": null,
  "epoch": 19.0,
  "eval_steps": 500,
  "global_step": 2432,
  "is_hyper_param_search": false,
  "is_local_process_zero": true,
  "is_world_process_zero": true,
  "log_history": [
    {
      "epoch": 3.912487708947886,
      "grad_norm": 0.734596312046051,
      "learning_rate": 0.00019876044148774957,
      "loss": 1.6831,
      "step": 500
    },
    {
      "epoch": 7.818092428711898,
      "grad_norm": 1.1136513948440552,
      "learning_rate": 0.00019160588729023076,
      "loss": 1.1849,
      "step": 1000
    },
    {
      "epoch": 11.72369714847591,
      "grad_norm": 1.266587257385254,
      "learning_rate": 0.00017852498212240345,
      "loss": 0.8395,
      "step": 1500
    },
    {
      "epoch": 15.62930186823992,
      "grad_norm": 1.0177245140075684,
      "learning_rate": 0.00016036398202006423,
      "loss": 0.6475,
      "step": 2000
    }
  ],
  "logging_steps": 500,
  "max_steps": 6350,
  "num_input_tokens_seen": 0,
  "num_train_epochs": 50,
  "save_steps": 500,
  "stateful_callbacks": {
    "TrainerControl": {
      "args": {
        "should_epoch_stop": false,
        "should_evaluate": false,
        "should_log": false,
        "should_save": true,
        "should_training_stop": false
      },
      "attributes": {}
    }
  },
  "total_flos": 6.59581368208343e+16,
  "train_batch_size": 2,
  "trial_name": null,
  "trial_params": null
}
